,City,Lat,Lng,Max Temp,Humidity,Cloudiness,Wind Speed,Country,Date
0,ushuaia,-54.8,-68.3,53.22,66,0,21.85,AR,1701984712
1,namibe,-15.1961,12.1522,73.71,77,98,5.97,AO,1701984904
2,whitehorse,60.7161,-135.0538,28.02,79,75,15.01,CA,1701984904
3,mangrol,21.1167,70.1167,71.24,57,1,11.48,IN,1701984904
4,soc trang,9.6033,105.98,76.32,85,88,8.46,VN,1701984904
5,wailua homesteads,22.0669,-159.378,79.23,77,75,5.75,US,1701984803
6,hawaiian paradise park,19.5933,-154.9731,80.11,81,75,13.8,US,1701984904
7,ha'il,27.5219,41.6907,60.82,44,0,4.61,SA,1701984905
8,nova sintra,14.8667,-24.7167,71.47,71,100,8.95,CV,1701984905
9,san mateo ixtacalco,19.6997,-99.1783,60.55,56,100,6.22,MX,1701984905
10,kirensk,57.7853,108.1119,-48.03,100,97,1.99,RU,1701984905
11,avarua,-21.2078,-159.775,78.85,69,75,16.11,CK,1701984905
12,lau,9.2167,11.2833,78.64,17,8,3.27,NG,1701984905
13,port-aux-francais,-49.35,70.2167,38.26,96,96,30.69,TF,1701984906
14,new norfolk,-42.7826,147.0587,58.91,40,100,2.21,AU,1701984906
15,hadibu,12.65,54.0333,76.68,68,92,13.71,YE,1701984906
16,waitangi,-43.9535,-176.5597,57.81,68,90,16.31,NZ,1701984906
17,gazojak,41.1875,61.4036,32.52,33,100,14.03,TM,1701984906
18,constantia,44.1833,28.65,34.7,94,100,18.81,RO,1701984812
19,olonkinbyen,70.9221,-8.7187,28.51,78,9,12.95,SJ,1701984907
20,puerto natales,-51.7236,-72.4875,60.26,58,70,6.35,CL,1701984756
21,minas de marcona,-15.2119,-75.1103,65.95,62,16,14.97,PE,1701984907
22,talnakh,69.4865,88.3972,-28.46,87,25,2.95,RU,1701984907
23,loreto,22.2667,-101.9667,62.91,53,71,10.71,MX,1701984907
24,blackmans bay,-43.0167,147.3167,57.72,79,100,3.87,AU,1701984908
25,puerto ayora,-0.7393,-90.3518,84.16,93,94,5.01,EC,1701984908
26,el calafate,-50.3408,-72.2768,62.47,44,44,6.69,AR,1701984908
27,yanggu,36.1106,115.7753,47.89,46,0,7.11,CN,1701984908
28,magong,23.5654,119.5863,69.8,69,18,12.41,TW,1701984909
29,tazovsky,67.4667,78.7,-16.11,97,83,11.1,RU,1701984909
30,myeik,12.4333,98.6,75.72,89,17,4.47,MM,1701984909
31,tofol,5.3248,163.0078,82.83,80,100,16.98,FM,1701984909
32,west island,-12.1568,96.8225,78.78,83,75,14.97,CC,1701984910
33,taber,49.8167,-112.1518,35.8,90,100,17.27,CA,1701984910
34,albany,42.6001,-73.9662,29.73,86,94,2.55,US,1701984634
35,beruniy,41.6911,60.7525,24.76,58,0,13.8,UZ,1701984910
36,ust-nera,64.5667,143.2,-29.94,94,100,4.29,RU,1701984910
37,sheridan,44.8333,-106.9173,48.58,69,0,16.11,US,1701984911
38,grytviken,-54.2811,-36.5092,31.12,91,57,11.61,GS,1701984911
39,ilulissat,69.2167,-51.1,26.62,63,20,0.0,GL,1701984911
40,lihue,21.9789,-159.3672,79.84,71,75,5.75,US,1701984911
41,dauphin,51.1494,-100.0502,35.74,100,75,11.5,CA,1701984911
42,sarakhs,36.5449,61.1577,51.71,44,100,3.51,IR,1701984912
43,piti village,13.4626,144.6933,82.45,81,40,10.36,GU,1701984912
44,adamstown,-25.066,-130.1015,73.22,75,47,11.61,PN,1701984912
45,carnarvon,-24.8667,113.6333,69.48,70,0,22.26,AU,1701984912
46,yellowknife,62.456,-114.3525,12.72,92,100,6.91,CA,1701984728
47,callaway,30.153,-85.5699,62.53,59,75,4.61,US,1701984913
48,kastamonu,41.5,33.6667,41.2,89,94,2.75,TR,1701984913
49,iqaluit,63.7506,-68.5145,4.73,77,20,17.27,CA,1701984913
50,ribeira grande,38.5167,-28.7,64.8,88,75,25.99,PT,1701984914
51,thompson,55.7435,-97.8558,19.56,100,75,2.3,CA,1701984743
52,al ghayzah,16.2079,52.176,75.61,56,58,3.8,YE,1701984914
53,anuradhapura,8.3565,80.4173,75.02,97,99,1.14,LK,1701984914
54,aasiaat,68.7098,-52.8699,10.58,86,100,1.72,GL,1701984914
55,san patricio,28.017,-97.5169,74.53,60,95,15.68,US,1701984915
56,papatowai,-46.5619,169.4708,58.46,56,99,9.51,NZ,1701984915
57,nova xavantina,-14.6667,-52.35,91.29,32,68,2.1,BR,1701984915
58,valverde del camino,37.5751,-6.7543,58.1,98,100,2.71,ES,1701984915
59,san antonio de pale,-1.4014,5.6325,79.16,82,93,7.4,GQ,1701984916
60,amble,55.3333,-1.5833,44.74,87,100,29.93,GB,1701984916
61,edinburgh of the seven seas,-37.0676,-12.3116,58.84,85,99,16.37,SH,1701984916
62,zhaotong,27.3167,103.7167,44.22,91,33,4.83,CN,1701984916
63,happy valley-goose bay,53.3168,-60.3315,23.31,63,100,17.27,CA,1701984916
64,borrazopolis,-23.9411,-51.5875,71.06,95,97,2.73,BR,1701984917
65,bethel,41.3712,-73.414,37.22,77,100,3.44,US,1701984917
66,sodra sandby,56.5667,16.6167,35.89,94,100,6.8,SE,1701984917
67,trincomalee,8.5711,81.2335,80.15,84,100,7.36,LK,1701984917
68,st. john's,47.5649,-52.7093,28.89,92,100,17.27,CA,1701984918
69,invercargill,-46.4,168.35,60.12,55,95,7.7,NZ,1701984687
70,acarau,-2.8856,-40.12,80.37,79,16,17.36,BR,1701984919
71,sitka,57.0531,-135.33,39.09,87,75,0.0,US,1701984800
72,dellys,36.9172,3.9131,59.7,55,82,6.24,DZ,1701984919
73,dzhalagash,45.0833,64.6667,25.29,42,100,16.93,KZ,1701984919
74,margaret river,-33.95,115.0667,58.03,69,2,9.95,AU,1701984920
75,almaty,43.25,76.95,26.51,86,100,4.47,KZ,1701984834
76,necochea,-38.5473,-58.7368,60.22,58,0,11.7,AR,1701984920
77,fale old settlement,-9.3852,-171.2468,84.65,71,96,8.34,TK,1701984920
78,amga,60.8953,131.9608,-27.02,98,100,3.36,RU,1701984920
79,axim,4.8699,-2.2405,80.28,80,74,6.98,GH,1701984921
80,tarhuna,32.435,13.6332,54.23,73,21,8.97,LY,1701984921
81,badger,64.8,-147.5333,1.31,78,0,8.05,US,1701984921
82,aldan,58.6031,125.3894,-35.28,100,100,1.14,RU,1701984921
83,kill devil hills,36.0307,-75.676,48.22,50,0,11.5,US,1701984720
84,tocopilla,-22.092,-70.1979,68.72,65,21,10.56,CL,1701984713
85,embi,48.8264,58.1442,12.43,77,100,12.12,KZ,1701984923
86,fort bragg,35.139,-79.006,54.18,38,0,10.36,US,1701984923
87,petropavlovsk-kamchatsky,53.0452,158.6483,18.45,72,75,5.01,RU,1701984923
88,gemena,3.25,19.7667,71.73,97,100,2.64,CD,1701984924
89,papao,-17.75,-149.55,83.88,78,88,20.58,PF,1701984924
90,villa de soto,-30.8552,-64.9995,82.4,24,37,16.13,AR,1701984924
91,morondava,-20.2833,44.2833,80.17,85,44,7.07,MG,1701984924
92,aksu,41.1231,80.2644,36.46,37,100,1.3,CN,1701984924
93,isafjordur,66.0755,-23.124,28.81,78,93,10.8,IS,1701984925
94,ciampea,-6.5547,106.7008,83.25,89,100,2.48,ID,1701984925
95,zaghouan,36.4029,10.1429,48.06,85,0,3.06,TN,1701984925
96,jamestown,42.097,-79.2353,40.59,80,100,4.61,US,1701984867
97,vega de alatorre,20.0333,-96.6333,71.74,86,95,4.23,MX,1701984926
98,labytnangi,66.6572,66.4183,-6.72,86,100,8.61,RU,1701984926
99,san giorgio di nogaro,45.8336,13.2158,41.05,80,3,5.75,IT,1701984926
100,mugia,43.1041,-9.2179,59.16,78,93,23.55,ES,1701984927
101,nema,57.5067,50.5011,-24.48,100,7,3.09,RU,1701984927
102,pulandian,39.3953,121.9669,41.72,94,4,3.78,CN,1701984927
103,bilibino,68.0546,166.4372,-34.96,100,73,2.28,RU,1701984927
104,nelson bay,-32.7167,152.15,77.09,86,11,5.01,AU,1701984928
105,stanley,54.868,-1.6985,40.28,94,75,5.75,GB,1701984928
106,khandyga,62.6667,135.6,-22.27,93,100,5.03,RU,1701984928
107,fort mcmurray,56.7268,-111.381,33.39,64,0,9.22,CA,1701984655
108,hamilton,39.1834,-84.5333,57.15,55,0,12.66,US,1701984880
109,laojunmiao,39.8333,97.7333,27.95,34,42,2.24,CN,1701984929
110,udachny,66.4167,112.4,-13.56,75,100,3.62,RU,1701984929
111,karwar,14.8,74.1333,75.02,76,88,4.88,IN,1701984929
112,fort st. john,56.2499,-120.8529,28.29,64,20,10.36,CA,1701984741
113,solwezi,-12.1688,26.3894,63.16,88,30,2.66,ZM,1701984930
114,zaio,34.9428,-2.7329,62.58,91,98,2.59,MA,1701984930
115,codrington,-38.2667,141.9667,82.8,36,99,19.15,AU,1701984930
116,calama,-22.4667,-68.9333,79.29,5,0,28.77,CL,1701984930
117,vadso,70.0744,29.7487,14.16,85,75,18.41,NO,1701984930
118,yarmouth,41.7057,-70.2286,32.14,66,20,15.01,US,1701984931
119,sturgeon bay,44.8342,-87.377,39.6,75,100,6.91,US,1701984678
120,sengiley,53.9622,48.7944,-12.93,100,99,4.27,RU,1701984931
121,chonchi,-42.6128,-73.8092,65.41,52,0,2.39,CL,1701984827
122,yacuiba,-22.038,-63.6797,72.48,84,99,6.64,BO,1701984931
123,banda aceh,5.5577,95.3222,78.58,83,100,6.22,ID,1701984931
124,kapuskasing,49.4169,-82.4331,30.29,93,100,4.61,CA,1701984782
125,dudinka,69.4058,86.1778,-12.32,98,14,11.01,RU,1701984932
126,enewetak,11.3474,162.3373,82.02,80,100,20.71,MH,1701984932
127,port elizabeth,-33.918,25.5701,68.09,94,0,3.44,ZA,1701984932
128,fortaleza,-3.7227,-38.5247,85.06,76,20,10.36,BR,1701984932
129,utrik,11.2278,169.8474,81.55,81,54,23.58,MH,1701984932
130,makurazaki,31.2667,130.3167,51.8,59,0,4.72,JP,1701984933
131,murghob,38.1702,73.9667,5.92,61,67,3.87,TJ,1701984933
132,sao jose da coroa grande,-8.8978,-35.1478,78.76,77,89,10.54,BR,1701984933
133,dongola,19.1667,30.4833,66.61,21,27,10.78,SD,1701984933
134,georgetown,5.4112,100.3354,78.73,92,20,3.44,MY,1701984934
135,qaqortoq,60.7167,-46.0333,35.44,61,100,13.96,GL,1701984934
136,urucara,-2.5364,-57.76,85.26,62,78,2.39,BR,1701984934
137,neryungri,56.6709,124.6491,-27.06,98,100,3.76,RU,1701984934
138,twon-brass,4.3151,6.2418,81.57,79,100,13.22,NG,1701984935
139,pacific grove,36.6177,-121.9166,62.55,71,0,8.05,US,1701984721
140,ridgecrest,35.6225,-117.6709,65.64,28,20,5.75,US,1701984935
141,nuuk,64.1835,-51.7216,38.01,44,40,3.44,GL,1701984935
142,acapulco de juarez,16.8634,-99.8901,85.82,74,75,9.22,MX,1701984724
143,hermanus,-34.4187,19.2345,66.36,83,35,9.28,ZA,1701984936
144,kodiak,57.79,-152.4072,31.51,80,100,18.41,US,1701984881
145,lompoc,34.6391,-120.4579,73.02,53,0,18.41,US,1701984936
146,mount gambier,-37.8333,140.7667,80.55,40,96,11.32,AU,1701984936
147,yuzhno-kurilsk,44.0306,145.8556,38.37,89,93,25.55,RU,1701984937
148,taungoo,18.9333,96.4333,71.29,97,60,1.16,MM,1701984937
149,las tablas,7.7667,-80.2833,83.17,99,42,11.74,PA,1701984937
150,murzuq,25.9155,13.9184,57.7,34,8,10.04,LY,1701984693
151,kapit,2.0167,112.9333,73.13,99,99,0.96,MY,1701984938
152,prado,-17.3411,-39.2208,77.18,83,5,9.26,BR,1701984938
153,tual,-5.6667,132.75,83.8,71,98,0.74,ID,1701984938
154,chepen,-7.2167,-79.45,76.46,65,45,9.33,PE,1701984902
155,choele choel,-39.2667,-65.6833,71.47,51,86,3.65,AR,1701984939
156,cabo san lucas,22.8909,-109.9124,86.61,51,0,8.01,MX,1701984939
157,akrehamn,59.2667,5.1833,35.42,59,75,11.5,NO,1701984939
158,masterton,-40.9597,175.6575,63.88,60,40,5.03,NZ,1701984939
159,nova vicosa,-17.8919,-39.3719,77.92,81,5,11.16,BR,1701984723
160,el granada,37.5027,-122.4694,63.57,82,75,14.97,US,1701984821
161,tiksi,71.6872,128.8694,-26.01,99,88,5.03,RU,1701984940
162,revda,56.801,59.9303,-26.64,96,5,1.3,RU,1701984940
163,keflavik,64.0049,-22.5624,36.03,51,0,4.61,IS,1701984940
164,amos,48.5669,-78.1162,23.61,91,100,3.83,CA,1701984940
165,lecheng,25.1238,113.3254,53.91,65,32,1.54,CN,1701984940
166,paradip garh,20.3167,86.6167,69.31,92,56,10.92,IN,1701984941
167,hasaki,35.7333,140.8333,37.8,39,0,2.59,JP,1701984941
168,vorgashor,67.5833,63.95,-14.73,99,100,4.45,RU,1701984941
169,hithadhoo,-0.6,73.0833,81.41,78,96,10.49,MV,1701984941
170,kidal,18.4411,1.4078,74.43,13,22,4.99,ML,1701984942
171,denison,33.7557,-96.5367,69.62,65,80,10.0,US,1701984942
172,laguna,38.421,-121.4238,60.12,67,75,10.36,US,1701984684
173,stornoway,58.2093,-6.3865,44.04,91,100,5.01,GB,1701984942
174,voss,60.623,6.4229,10.24,92,39,7.25,NO,1701984942
175,torzhok,57.0436,34.9622,-9.33,100,100,3.4,RU,1701984943
176,bardai,11.65,7.2333,71.01,20,82,7.36,NG,1701984943
177,turkmenbasy,40.0222,52.9552,47.17,76,75,4.61,TM,1701984943
178,kwang binh,17.4833,106.6,67.44,76,74,3.42,VN,1701984943
179,onega,63.9061,38.1404,-7.28,99,62,4.9,RU,1701984943
180,kudahuvadhoo,2.6708,72.8944,80.31,83,98,17.07,MV,1701984943
181,shimoda,34.6667,138.95,51.37,63,0,4.21,JP,1701984944
182,ancud,-41.8697,-73.8203,57.67,66,0,8.3,CL,1701984944
183,yelizovo,53.1873,158.3805,19.8,79,75,4.47,RU,1701984944
184,tralee,52.2704,-9.7026,46.65,87,40,16.11,IE,1701984945
185,arkhangel'sk,64.5401,40.5433,-14.87,76,0,6.71,RU,1701984945
186,elverum,60.8819,11.5623,3.27,99,90,3.67,NO,1701984945
187,touros,-5.1989,-35.4608,80.08,76,69,13.8,BR,1701984946
188,east london,-33.0153,27.9116,71.38,88,35,9.35,ZA,1701984946
189,bredasdorp,-34.5322,20.0403,65.23,85,0,10.07,ZA,1701984946
190,flying fish cove,-10.4217,105.6791,76.68,83,40,3.44,CX,1701984946
191,porto novo,6.4965,2.6036,84.02,80,100,7.76,BJ,1701984946
192,sos'va,59.1766,61.8558,-30.95,98,12,3.0,RU,1701984946
193,pangody,65.85,74.4859,-2.83,97,100,13.4,RU,1701984947
194,afaahiti,-17.75,-149.2833,82.27,83,95,20.09,PF,1701984947
195,karuzi,-3.125,30.1333,60.1,96,14,1.97,BI,1701984947
196,anadyr,64.75,177.4833,-5.3,77,20,22.37,RU,1701984947
197,niamey,13.5137,2.1098,79.09,12,100,5.75,NE,1701984947
198,along,28.1667,94.7667,59.02,84,100,1.12,IN,1701984947
199,atafu village,-8.5421,-172.5159,84.36,73,57,5.77,TK,1701984948
200,korla,41.7597,86.1469,36.12,52,98,13.69,CN,1701984948
201,deer valley,33.6861,-112.1186,76.35,27,0,4.61,US,1701984948
202,bertoua,4.5833,13.6833,70.05,94,72,4.12,CM,1701984948
203,iskateley,67.6803,53.1512,6.03,96,100,8.01,RU,1701984948
204,alice springs,-23.7,133.8833,80.15,57,1,4.61,AU,1701984948
205,luderitz,-26.6481,15.1594,62.15,80,0,13.31,NA,1701984949
206,turpan,42.9333,89.1667,33.78,53,99,2.53,CN,1701984949
207,usinsk,65.9939,57.5281,-3.93,99,100,7.0,RU,1701984949
208,punta arenas,-53.15,-70.9167,51.91,66,0,11.5,CL,1701984949
209,salinopolis,-0.6136,-47.3561,81.54,80,61,12.62,BR,1701984949
210,prince rupert,54.3161,-130.3201,40.69,78,0,4.61,CA,1701984764
211,dailekh,28.8333,81.6667,51.76,71,1,4.83,NP,1701984950
212,betul,21.9153,77.8961,61.57,86,32,4.29,IN,1701984950
213,ngaoundere,7.3167,13.5833,71.13,26,81,2.91,CM,1701984950
214,ta`u,-14.2336,-169.5144,81.18,83,76,13.73,AS,1701984950
215,turtas,58.9417,69.1325,-21.28,90,19,4.41,RU,1701984950
216,soio,-6.1349,12.3689,80.04,78,52,7.16,AO,1701984950
217,bani mazar,28.5036,30.8004,61.95,43,100,3.38,EG,1701984950
218,saudarkrokur,65.7461,-19.6394,18.9,75,42,6.44,IS,1701984951
219,longyearbyen,78.2186,15.6401,28.24,69,40,16.11,SJ,1701984951
220,susuman,62.7833,148.1667,-27.02,96,100,1.01,RU,1701984951
221,mundri,-6.9558,111.71,77.25,89,100,4.05,ID,1701984951
222,lazaro cardenas,17.9583,-102.2,85.06,59,32,5.19,MX,1701984941
223,noshiro,40.2039,140.0242,44.74,52,95,21.43,JP,1701984951
224,recreo,-29.2818,-65.061,89.26,29,0,13.78,AR,1701984951
225,rabigh,22.7986,39.0349,79.47,67,0,2.95,SA,1701984952
226,illizi,26.4833,8.4667,58.8,33,0,4.83,DZ,1701984952
227,mercedes,-34.6515,-59.4307,76.86,50,0,8.93,AR,1701984952
228,richland center,43.3347,-90.3868,52.32,70,3,7.23,US,1701984737
229,newman,37.3138,-121.0208,64.02,37,36,4.0,US,1701984952
230,wanning,18.8003,110.3967,67.44,82,96,4.27,CN,1701984952
231,peace river,56.2501,-117.286,26.91,80,20,3.44,CA,1701984735
232,vuktyl,63.8567,57.3094,-16.94,98,100,2.86,RU,1701984953
233,mount isa,-20.7333,139.5,76.77,44,3,0.0,AU,1701984658
234,zouerate,22.7187,-12.4521,68.7,28,100,8.39,MR,1701984953
235,vallegrande,-18.4897,-64.1069,64.38,86,87,3.83,BO,1701984953
236,taulaga,-11.0553,-171.0883,83.64,74,100,13.67,AS,1701984953
237,lambayeque,-6.7011,-79.9061,75.31,69,0,23.02,PE,1701984953
238,klyuchi,52.2667,79.1667,-6.63,71,88,8.28,RU,1701984953
239,galle,6.0367,80.217,77.74,89,28,2.44,LK,1701984954
240,aleshtar,33.8633,48.2619,35.64,55,100,2.44,IR,1701984954
241,port mathurin,-19.6833,63.4167,78.3,77,3,8.25,MU,1701984954
242,saint-philippe,-21.3585,55.7679,74.79,88,73,8.9,RE,1701984954
243,imeko,7.45,2.85,79.09,76,97,5.3,NG,1701984954
244,polyarnyy,69.1989,33.4478,8.33,93,92,15.61,RU,1701984954
245,ares,-6.1944,-35.1603,82.49,79,62,10.51,BR,1701984955
246,kuta,-8.7233,115.1723,80.55,94,20,3.44,ID,1701984955
247,saint-joseph,-21.3667,55.6167,76.48,86,69,9.46,RE,1701984955
248,vila franca do campo,37.7167,-25.4333,64.89,99,86,9.13,PT,1701984955
249,tindouf,27.6711,-8.1474,63.05,48,40,4.61,DZ,1701984955
250,lysekil,58.2743,11.4358,31.03,93,73,10.63,SE,1701984955
251,vertientes,21.2594,-78.1464,77.61,59,47,13.31,CU,1701984956
252,valparaiso,-33.0393,-71.6273,68.0,69,20,13.8,CL,1701984728
253,dryden,49.7833,-92.7503,37.69,75,100,6.91,CA,1701984956
254,geraldton,-28.7667,114.6,64.81,77,75,8.05,AU,1701984956
255,sao joao da barra,-21.6403,-41.0511,82.49,79,0,10.69,BR,1701984663
256,gebeit,21.0667,36.3167,69.51,83,1,7.96,SD,1701984956
257,ad dawadimi,24.5077,44.3924,60.15,23,0,7.34,SA,1701984956
258,bredy,52.4153,60.3411,-8.68,91,33,7.78,RU,1701984957
259,anchorage,61.2181,-149.9003,24.66,81,100,6.91,US,1701984774
260,guerrero negro,27.9769,-114.0611,68.83,63,0,19.62,MX,1701984957
261,okhotsk,59.3833,143.3,21.13,92,100,31.5,RU,1701984957
262,santa vitoria do palmar,-33.5189,-53.3681,63.23,78,45,14.97,BR,1701984957
263,uruguaiana,-29.7547,-57.0883,73.08,73,0,9.75,BR,1701984957
264,al jawf,29.5,38.75,62.71,58,35,10.29,SA,1701984958
265,port saint john's,-31.6229,29.5448,69.31,75,26,6.49,ZA,1701984958
266,saint-julien-les-villas,48.2667,4.1,40.96,75,100,6.91,FR,1701984958
267,ribeira brava,32.65,-17.0667,66.7,85,65,1.39,PT,1701984958
268,dabola,10.75,-11.1167,74.97,33,0,3.0,GN,1701984958
269,marsabit,2.3284,37.9899,69.04,53,0,9.66,KE,1701984958
270,figeac,44.75,1.9167,43.18,97,100,5.59,FR,1701984958
271,nantucket,41.2835,-70.0995,32.14,66,0,11.5,US,1701984959
272,tura,25.5198,90.2201,60.48,96,100,3.74,IN,1701984959
273,ajdabiya,30.7554,20.2263,62.42,74,83,14.36,LY,1701984959
274,ponta delgada,37.7333,-25.6667,65.19,82,75,11.5,PT,1701984959
275,arraial do cabo,-22.9661,-42.0278,85.96,65,0,16.11,BR,1701984959
276,mount pearl,47.5166,-52.7813,28.06,92,100,17.27,CA,1701984959
277,novofedorivka,46.1713,32.3178,41.68,91,100,18.5,UA,1701984959
278,pemangkat,1.1667,108.9667,77.81,88,98,4.0,ID,1701984960
279,vryburg,-26.9566,24.7284,75.72,16,93,7.29,ZA,1701984960
280,muang phon-hong,18.4928,102.4172,68.14,91,28,1.1,LA,1701984960
281,usogorsk,63.4106,48.6872,-21.33,99,13,1.07,RU,1701984960
282,general pinedo,-27.3167,-61.2833,79.75,55,3,7.9,AR,1701984960
283,tolanaro,-25.0319,46.9987,71.67,94,75,11.5,MG,1701984960
284,isabela,6.7085,121.9711,77.05,83,100,3.09,PH,1701984961
285,uturoa,-16.7333,-151.4333,80.4,80,67,11.14,PF,1701984961
286,thurso,58.5927,-3.5259,44.85,95,100,38.45,GB,1701984961
287,coyhaique,-45.5752,-72.0662,77.61,38,20,9.22,CL,1701984961
288,colonia,50.9333,6.95,37.74,83,0,12.66,DE,1701984962
289,jiuquan,39.7432,98.5174,29.5,38,76,4.41,CN,1701984962
290,luena,-11.7833,19.9167,66.38,88,0,3.44,AO,1701984962
291,qarazhal,48.0078,70.7903,8.31,54,88,13.0,KZ,1701984962
292,trail,49.0998,-117.7022,46.69,81,100,2.35,CA,1701984963
293,la passe,45.5549,-0.8967,54.01,94,100,7.56,FR,1701984963
294,al kharijah,25.4514,30.5464,61.16,46,1,7.36,EG,1701984963
295,nadi,-17.8,177.4167,86.0,58,40,8.05,FJ,1701984687
296,roma,43.2128,-75.4557,35.08,94,100,5.01,US,1701984963
297,johi,26.6921,67.6133,64.49,26,0,4.0,PK,1701984964
298,ryki,51.6257,21.9327,25.9,94,87,7.2,PL,1701984964
299,tchintabaraden,15.8969,5.7985,71.46,15,41,7.36,NE,1701984964
300,mandera,3.9366,41.867,82.42,39,0,6.2,KE,1701984964
301,lugoba,-6.45,38.3333,72.88,98,96,2.73,TZ,1701984964
302,cidreira,-30.1811,-50.2056,72.41,93,100,5.41,BR,1701984965
303,barcelos,41.5388,-8.6151,59.14,92,62,6.67,PT,1701984965
304,paita,-5.0892,-81.1144,72.52,76,27,13.73,PE,1701984965
305,kasangulu,-4.5911,15.1708,81.48,97,100,1.07,CD,1701984965
306,castillos,-34.1667,-53.8333,62.35,77,37,14.61,UY,1701984804
307,el bordo,2.117,-76.9821,75.94,83,81,2.13,CO,1701984966
308,palmer,42.1584,-72.3287,33.35,64,75,5.75,US,1701984694
309,maryville,35.7565,-83.9705,57.45,32,20,12.66,US,1701984949
310,puerto baquerizo moreno,-0.9,-89.6,79.79,74,75,13.8,EC,1701984966
311,ugoofaaru,5.6667,73.0,83.23,78,100,24.74,MV,1701984967
312,remire-montjoly,4.9167,-52.2667,82.44,83,75,9.22,GF,1701984967
313,markaz-e woluswali-ye achin,34.1258,70.7078,50.81,30,97,1.3,AF,1701984967
314,taylor,32.3001,-99.8337,73.42,52,0,21.85,US,1701984967
315,slyudyanka,51.6594,103.7061,-4.43,91,100,3.36,RU,1701984967
316,salinas,36.6777,-121.6555,63.0,64,0,10.36,US,1701984968
317,kourou,5.1552,-52.6478,82.45,90,39,8.41,GF,1701984968
318,amursk,50.2261,136.8994,0.93,95,90,10.71,RU,1701984968
319,sao vicente,-23.9631,-46.3919,95.18,56,75,13.8,BR,1701984969
320,kaltan,53.5347,87.2457,-5.93,96,100,2.8,RU,1701984970
321,novomoskovs'k,48.6167,35.2,30.33,89,100,15.86,UA,1701984970
322,gadzhiyevo,69.2551,33.3362,7.11,95,94,14.97,RU,1701984971
323,sisimiut,66.9395,-53.6735,23.0,70,100,6.87,GL,1701984971
324,daru,-9.0763,143.2092,81.39,73,86,7.4,PG,1701984971
325,kiruna,67.8557,20.2251,7.72,92,100,0.0,SE,1701984971
326,saipan,15.1355,145.701,81.3,83,40,12.66,MP,1701984971
327,khash,28.2211,61.2158,49.73,21,0,1.59,IR,1701984972
328,ishim,56.1128,69.4902,-23.96,97,8,5.99,RU,1701984972
329,jayapura,-2.5333,140.7,78.19,84,100,6.73,ID,1701984781
330,brisas de zicatela,15.8369,-97.0419,86.52,54,20,4.61,MX,1701984972
331,greenville,35.6127,-77.3663,51.96,46,0,6.91,US,1701984700
332,acapetahua,15.2833,-92.7,85.82,58,37,4.65,MX,1701984973
333,merizo village,13.2658,144.6691,82.13,85,100,17.69,GU,1701984973
334,zhuanghe,39.7008,122.9911,42.82,97,51,4.34,CN,1701984973
335,brookings,44.3114,-96.7984,60.8,46,0,14.97,US,1701984973
336,dhi as sufal,13.8345,44.1147,57.79,75,6,3.53,YE,1701984974
337,khovd,48.0056,91.6419,12.13,55,2,0.94,MN,1701984974
338,tarija,-21.5355,-64.7296,66.11,82,75,4.61,BO,1701984974
339,bengkulu,-3.8004,102.2655,74.68,93,100,3.91,ID,1701984974
340,college,64.8569,-147.8028,1.38,79,40,8.05,US,1701984974
341,ulsteinvik,62.3432,5.8487,34.3,78,2,8.99,NO,1701984975
342,kavaratti,10.5669,72.642,82.56,68,81,5.88,IN,1701984975
343,as sulayyil,20.4607,45.5779,61.05,30,18,5.73,SA,1701984975
344,tanabe,33.7333,135.3667,45.03,64,0,6.35,JP,1701984975
345,tazacorte,28.629,-17.9293,68.97,82,40,8.05,ES,1701984975
346,patacamaya,-17.2333,-67.9167,57.07,54,67,18.63,BO,1701984976
347,fruit cove,30.1111,-81.6418,65.41,55,75,5.75,US,1701984976
348,belle fourche,44.6714,-103.8522,58.51,60,79,20.87,US,1701984976
349,ad dilam,23.9915,47.1627,63.01,18,0,3.58,SA,1701984976
350,xai-xai,-25.0519,33.6442,71.15,90,22,6.08,MZ,1701984976
351,lincoln city,44.9582,-124.0179,50.9,87,100,14.0,US,1701984775
352,kinkala,-4.3614,14.7644,71.1,95,100,3.02,CG,1701984977
353,ta'izz,13.5,44.0,61.38,78,4,6.24,YE,1701984977
354,galliano,29.4422,-90.2992,66.2,52,0,0.0,US,1701984977
355,rumbek,6.802,29.6912,81.05,31,1,3.49,SS,1701984977
356,lebu,-37.6167,-73.65,58.05,80,2,15.77,CL,1701984977
357,puerto deseado,-47.7503,-65.8938,52.81,62,0,9.24,AR,1701984978
358,callao,-12.0667,-77.15,71.89,68,20,9.22,PE,1701984978
359,dzuunmod,48.2199,97.3744,-5.78,94,100,4.41,MN,1701984978
360,moose jaw,50.4001,-105.5344,35.87,93,100,19.57,CA,1701984938
361,novodvinsk,64.4165,40.8122,-15.21,97,49,3.96,RU,1701984978
362,muscat,23.6139,58.5922,68.02,41,0,1.54,OM,1701984970
363,santo antonio,-6.3106,-35.4789,77.81,76,61,13.0,BR,1701984979
364,nemuro,43.3236,145.575,33.15,61,68,26.82,JP,1701984979
365,burang,30.25,81.1667,7.32,54,0,4.38,CN,1701984979
366,port alfred,-33.5906,26.891,68.18,94,23,1.01,ZA,1701984979
367,nogliki,51.8333,143.1667,26.35,96,100,11.99,RU,1701984980
368,queenstown,-31.8976,26.8753,65.25,61,67,1.88,ZA,1701984980
369,carnforth,54.1167,-2.7667,45.59,94,99,7.0,GB,1701984980
370,walvis bay,-22.9575,14.5053,62.1,84,3,11.59,NA,1701984980
371,alaghsas,17.0187,8.0168,71.31,14,26,8.05,NE,1701984980
372,trairi,-3.2778,-39.2689,80.22,77,8,12.17,BR,1701984770
373,krasnyy chikoy,50.3643,108.7512,-4.94,85,100,11.43,RU,1701984981
374,shchuchinsk,52.9333,70.2,-27.18,99,56,5.23,KZ,1701984981
375,sinabang,2.4803,96.3801,78.91,84,100,0.47,ID,1701984981
376,betio village,1.358,172.9211,80.64,80,100,15.59,KI,1701984981
377,caleta de carquin,-11.0925,-77.6267,70.86,77,36,10.31,PE,1701984982
378,awjilah,29.1081,21.2869,63.46,30,100,7.2,LY,1701984982
379,osmanabad,18.1667,76.05,65.39,87,38,10.67,IN,1701984982
380,inarajan village,13.2736,144.7484,82.54,85,100,17.52,GU,1701984982
381,moab,38.5733,-109.5498,60.62,29,23,10.07,US,1701984982
382,peniche,39.3558,-9.3811,61.29,96,47,14.79,PT,1701984982
383,anloga,5.7947,0.8973,82.4,79,100,11.79,GH,1701984983
384,bogale,16.2833,95.4,75.7,91,60,2.37,MM,1701984983
385,zaraza,9.3503,-65.3245,79.84,72,100,7.81,VE,1701984983
386,zemio,5.0314,25.1361,71.98,83,61,3.13,CF,1701984983
387,novomykolayivka,47.9781,35.9102,30.79,87,100,17.69,UA,1701984983
388,paimpol,48.7784,-3.0438,53.24,88,100,14.54,FR,1701984983
389,batang,-6.4846,110.7083,79.41,83,100,5.68,ID,1701984984
390,itoman,26.1247,127.6694,62.62,72,20,8.05,JP,1701984984
391,gubakha,58.8386,57.5532,-32.84,100,26,1.59,RU,1701984984
392,ipora,-16.4419,-51.1178,86.0,31,75,4.83,BR,1701984985
393,golere,16.2557,-14.1017,83.14,12,64,9.57,SN,1701984985
394,shingu,33.7333,135.9833,43.11,65,0,5.06,JP,1701984985
395,pacasmayo,-7.4006,-79.5714,71.56,76,22,12.33,PE,1701984985
396,ballina,-28.8667,153.5667,77.09,68,1,0.78,AU,1701984985
397,benito juarez,19.385,-99.165,66.83,63,100,6.91,MX,1701984985
398,kharp,66.8014,65.8081,-11.15,89,100,11.79,RU,1701984986
399,tha khanon,9.0302,98.9529,80.28,93,94,2.19,TH,1701984986
400,severo-yeniseyskiy,60.3725,93.0408,-25.42,93,97,3.0,RU,1701984986
401,zaozhuang,34.8647,117.5542,48.63,65,0,5.39,CN,1701984986
402,liffre,48.2132,-1.5084,45.68,97,100,8.1,FR,1701984987
403,zaragoza,41.6561,-0.8773,60.48,85,75,6.91,ES,1701984818
404,gharavuti,37.5672,68.4469,45.25,32,100,1.1,TJ,1701984987
405,balaklava,44.5,33.6,48.38,75,100,5.08,UA,1701984987
406,vilyuchinsk,52.9306,158.4028,19.92,79,100,3.8,RU,1701984987
407,chibougamau,49.9168,-74.3659,4.62,85,0,2.3,CA,1701984987
408,sydney,-33.8679,151.2073,81.95,71,0,9.22,AU,1701984971
409,boende,-0.2167,20.8667,71.33,97,51,2.15,CD,1701984988
410,i-n-salah,27.1935,2.4607,65.03,33,51,11.14,DZ,1701984988
411,gizo,-8.103,156.8419,83.1,79,97,15.66,SB,1701984988
412,morehead city,34.7229,-76.726,55.4,60,0,8.05,US,1701984713
413,nagqu,31.5,92.0,16.2,85,100,3.2,CN,1701984989
414,hilo,19.7297,-155.09,80.33,75,75,13.8,US,1701984989
415,flin flon,54.7682,-101.865,28.24,93,100,3.44,CA,1701984989
416,kingston,17.997,-76.7936,86.95,62,40,4.61,JM,1701984989
417,buala,-8.145,159.5921,82.63,81,99,12.37,SB,1701984989
418,schuyler,42.4167,-76.883,37.78,89,100,7.0,US,1701984990
419,menongue,-14.6585,17.691,64.58,89,83,2.71,AO,1701984990
420,oliver,49.1831,-119.5524,41.25,93,100,1.14,CA,1701984913
421,hekimhan,38.818,37.9312,43.32,94,100,4.92,TR,1701984990
422,rodnikovskaya,44.7644,40.6656,40.6,94,100,16.37,RU,1701984990
423,naze,28.3667,129.4833,52.72,64,0,0.56,JP,1701984991
424,thunder bay,48.4001,-89.3168,35.58,80,75,6.91,CA,1701984931
425,tegueste,28.5167,-16.3167,62.08,87,20,7.0,ES,1701984991
426,vernon,50.2581,-119.2691,43.75,85,98,2.3,CA,1701984773
427,qui nhon,13.7667,109.2333,72.72,91,84,9.22,VN,1701984743
428,dakhla,23.6848,-15.958,68.02,83,80,21.85,EH,1701984992
429,westport,41.1415,-73.3579,39.33,67,100,9.22,US,1701984992
430,den helder,52.9599,4.7593,37.38,84,75,18.01,NL,1701984785
431,karratha,-20.7377,116.8463,85.08,29,3,12.33,AU,1701984992
432,tabou,4.423,-7.3528,80.26,79,22,7.56,CI,1701984992
433,cerro de ortega,18.75,-103.7667,85.37,56,37,6.35,MX,1701984992
434,la'ie,21.6477,-157.9253,83.61,63,20,4.0,US,1701984992
435,yonggwang-up,40.0183,127.4547,36.0,65,4,3.87,KP,1701984993
436,santa cruz,-17.8,-63.1667,93.25,52,40,14.97,BO,1701984993
437,ketchikan,55.3422,-131.6461,39.67,87,100,0.0,US,1701984993
438,pimentel,-6.8367,-79.9342,75.49,69,0,23.02,PE,1701984993
439,pyapon,16.2833,95.6833,76.1,89,37,2.86,MM,1701984994
440,saint-francois,46.4154,3.9054,41.65,88,100,4.61,FR,1701984995
441,san luis de la loma,17.2706,-100.8939,84.18,64,79,3.11,MX,1701984995
442,dwarka,22.2394,68.9678,73.45,54,0,9.78,IN,1701984995
443,igarka,67.4667,86.5833,-15.3,97,100,7.29,RU,1701984995
444,nolinsk,57.5596,49.9363,-24.68,100,13,2.95,RU,1701984995
445,pechora,65.1472,57.2244,-8.28,99,100,4.09,RU,1701984996
446,shahrak,34.1074,64.3052,32.95,29,35,3.4,AF,1701984996
447,karachev,53.1229,34.9852,12.25,94,100,10.22,RU,1701984996
448,camacupa,-12.0167,17.4833,62.01,94,100,0.65,AO,1701984996
449,mukalla,14.5425,49.1242,73.76,71,19,4.18,YE,1701984996
450,abaza,52.655,90.0928,4.28,86,100,5.7,RU,1701984997
451,haiku-pauwela,20.9219,-156.3051,81.18,60,40,6.91,US,1701984997
452,ankazoabo,-22.2833,44.5167,75.79,61,35,4.76,MG,1701984997
453,zagora,30.3484,-5.8365,62.82,35,100,2.33,MA,1701984997
454,lata,40.1629,-8.3327,57.07,97,68,5.91,PT,1701984998
455,envira,-7.3,-70.2167,77.31,95,75,2.75,BR,1701984998
456,freetown,8.484,-13.2299,80.1,79,1,7.61,SL,1701984998
457,saint-pierre,-21.3393,55.4781,77.58,88,100,3.44,RE,1701984837
458,uliastay,47.7417,96.8444,-4.27,94,68,5.66,MN,1701984998
459,undurkhaan,47.3194,110.6556,2.93,80,86,6.15,MN,1701984999
460,limbdi,22.5667,71.8,68.72,49,0,8.01,IN,1701984999
461,dossor,47.5272,52.9811,27.79,53,100,11.25,KZ,1701984999
462,cabedelo,-6.9811,-34.8339,83.07,75,96,12.19,BR,1701984910
463,sirte,31.2089,16.5887,65.84,55,61,15.05,LY,1701985000
464,coishco,-9.0231,-78.6156,70.27,78,54,9.53,PE,1701985000
465,rabo de peixe,37.8,-25.5833,63.99,99,75,11.5,PT,1701985000
466,timbuktu,16.7735,-3.0074,77.16,13,56,11.12,ML,1701985000
467,gobabis,-22.45,18.9667,81.48,20,81,7.02,NA,1701985000
468,badeggi,9.05,6.15,80.26,23,13,3.83,NG,1701985000
469,kandla,23.0333,70.2167,70.36,45,0,8.7,IN,1701985001
470,praia da vitoria,38.7333,-27.0667,64.76,82,40,20.87,PT,1701985001
471,gaspe,48.8334,-64.4819,25.02,63,75,10.36,CA,1701984827
472,salekhard,66.53,66.6019,-6.99,87,100,8.5,RU,1701984745
473,swellendam,-34.0226,20.4417,64.69,85,1,5.48,ZA,1701985001
474,ar ruways,24.1103,52.7306,72.48,56,0,7.81,AE,1701985001
475,floro,61.5996,5.0328,35.56,69,3,10.36,NO,1701985002
476,adrar,20.5022,-10.0711,68.02,11,25,10.11,MR,1701985002
477,lorengau,-2.0226,147.2712,82.02,83,100,12.24,PG,1701985002
478,quellon,-43.1167,-73.6167,58.42,68,0,10.07,CL,1701985002
479,capinzal,-27.3436,-51.6119,68.9,99,100,1.45,BR,1701985002
480,holualoa,19.6228,-155.9522,79.77,70,75,10.36,US,1701985002
481,tsarevo,42.1667,27.85,43.77,91,100,13.29,BG,1701985002
482,chipata,-13.6333,32.65,70.14,68,100,4.59,ZM,1701985003
483,nishinoomote,30.7333,131.0,59.41,51,0,4.94,JP,1701985003
484,carutapera,-1.195,-46.02,80.22,81,45,8.21,BR,1701985003
485,xilin hot,43.9667,116.0333,34.0,66,52,19.42,CN,1701985003
486,richards bay,-28.783,32.0377,71.26,92,100,16.37,ZA,1701985003
487,luganville,-15.5333,167.1667,79.68,86,100,9.33,VU,1701985003
488,hammerfest,70.6634,23.6821,23.45,63,0,10.36,NO,1701985004
489,puerto san jose,13.9256,-90.8244,84.92,63,1,8.32,GT,1701985004
490,zelenogorskiy,55.0333,87.0,-8.16,96,100,3.83,RU,1701985004
491,ujae,8.9322,165.7642,81.93,85,27,22.21,MH,1701985004
492,kenora,49.8167,-94.4337,43.77,61,75,9.22,CA,1701984967
493,shahrud,36.4182,54.9763,44.42,47,3,2.66,IR,1701985004
494,arkhara,49.4212,130.0842,-2.24,93,100,4.0,RU,1701985005
495,kailua-kona,19.6406,-155.9956,83.5,69,75,10.36,US,1701984986
496,taoudenni,22.6783,-3.9836,71.65,21,100,10.11,ML,1701985005
497,nar'yan-mar,67.6713,53.087,6.12,96,100,8.01,RU,1701985005
498,semikarakorsk,47.5194,40.8112,33.06,90,100,17.69,RU,1701985005
499,puerto colombia,10.9878,-74.9547,84.29,81,82,21.41,CO,1701985005
500,sandnessjoen,66.0217,12.6316,30.42,80,75,3.44,NO,1701985006
501,alesund,62.4723,6.1549,34.32,71,0,13.8,NO,1701985006
502,kayangel,8.0823,134.7173,82.65,77,52,11.72,PW,1701985006
503,kristiansund,63.1115,7.732,29.05,64,7,6.91,NO,1701985006
504,belmonte,-15.8631,-38.8828,77.22,82,7,8.01,BR,1701985006
505,sur,22.5667,59.5289,71.94,50,0,1.41,OM,1701985006
506,crane,31.3974,-102.3501,74.71,22,2,9.51,US,1701985006
507,urengoy,65.9667,78.3667,-6.3,97,100,12.57,RU,1701985007
508,san jeronimo de juarez,17.1333,-100.4667,84.78,64,94,4.21,MX,1701985007
509,elk city,35.412,-99.4043,71.82,30,0,24.16,US,1701985007
510,mbandaka,0.0487,18.2603,71.91,96,73,1.59,CD,1701985007
511,hue,16.4667,107.6,69.91,94,75,3.44,VN,1701984906
512,autazes,-3.5797,-59.1306,85.82,62,50,1.52,BR,1701985007
513,port lincoln,-34.7333,135.8667,71.67,58,100,15.39,AU,1701985008
514,maracacume,-2.0428,-45.9592,81.01,70,77,5.17,BR,1701985008
515,colby,39.3958,-101.0524,67.08,25,0,18.41,US,1701985008
516,lamar,33.6668,-95.5836,66.97,52,92,17.27,US,1701985008
517,conceicao do mato dentro,-19.0372,-43.425,75.02,59,0,2.13,BR,1701985008
518,ilhabela,-23.7781,-45.3581,78.96,87,79,5.66,BR,1701985009
519,altai,46.3722,96.2583,5.0,65,0,1.48,MN,1701985009
520,la ronge,55.1001,-105.2842,28.65,80,75,6.91,CA,1701985009
521,shibetsu,43.659,145.132,31.5,65,56,19.71,JP,1701985009
522,saint-flour,45.0833,3.0,36.88,85,100,5.86,FR,1701985009
523,megion,61.0296,76.1136,-29.18,88,100,10.67,RU,1701985009
524,bhuj,23.2667,69.6667,64.69,61,0,4.94,IN,1701985009
525,north bend,43.4065,-124.2243,50.16,93,100,3.44,US,1701985010
526,smithers,54.7804,-127.1743,25.12,93,100,5.75,CA,1701984910
527,maceio,-9.6658,-35.7353,80.04,83,20,9.22,BR,1701984880
528,horta,38.5333,-28.6333,64.04,92,75,25.99,PT,1701985010
529,tarawa,1.419,172.984,80.69,83,100,12.66,KI,1701985010
530,iowa park,33.9515,-98.6687,73.11,54,20,24.16,US,1701985010
531,aykhal,66.0,111.5,-17.55,100,99,5.55,RU,1701985010
532,dire,12.2833,-10.9667,76.86,22,19,2.57,ML,1701985011
533,mao,39.8885,4.2658,61.36,77,75,13.8,ES,1701985011
534,chinchilla,-26.75,150.6333,78.89,43,0,13.38,AU,1701985011
535,funafuti,-8.5243,179.1942,86.0,74,75,5.75,TV,1701985011
536,madison,34.7334,-86.5667,58.8,37,0,9.22,US,1701984937
537,sidney,-33.8679,151.2073,81.95,71,0,9.22,AU,1701984971
538,selfoss,63.9331,-20.9971,24.76,61,60,11.27,IS,1701985012
539,hami,42.8,93.45,30.79,58,46,8.3,CN,1701985012
540,dunedin,-45.8742,170.5036,62.8,63,38,5.01,NZ,1701984747
541,hlukhiv,51.6782,33.9162,21.25,92,100,12.53,UA,1701985012
542,box elder,41.5005,-112.8764,40.26,46,36,12.97,US,1701985012
543,nouadhibou,20.931,-17.0347,75.18,43,23,13.8,MR,1701985012
544,kone,-21.0595,164.8658,80.42,50,100,7.45,NC,1701985013
545,lagos,6.5833,3.75,82.72,85,99,4.94,NG,1701985013
546,tostado,-29.232,-61.7692,82.98,46,0,1.01,AR,1701985013
547,dzhetygara,52.1908,61.2006,-11.4,90,7,6.73,KZ,1701985013
548,bir el ater,34.7449,8.0602,46.87,76,0,7.76,DZ,1701985013
549,sao borja,-28.6606,-56.0044,77.95,77,63,12.88,BR,1701985013
550,capitan bado,-23.2667,-55.5333,80.28,75,51,4.36,PY,1701985013
551,pergamino,-33.89,-60.5736,78.19,42,0,11.16,AR,1701985014
552,klaksvik,62.2266,-6.589,43.72,79,100,28.9,FO,1701985014
553,anamur,36.0751,32.8369,59.86,84,100,3.96,TR,1701985014
554,mendi,-6.1761,143.6513,59.09,88,91,1.34,PG,1701985014
555,kamaishi,39.2667,141.8833,43.41,57,19,8.75,JP,1701985014
556,muli,2.9167,73.5667,79.38,87,100,18.23,MV,1701985015
557,toliara,-23.35,43.6667,78.19,64,31,7.81,MG,1701985015
558,maricopa,33.0581,-112.0476,77.95,28,0,4.61,US,1701985015
559,trapani,37.8333,12.6667,51.28,93,75,5.75,IT,1701985015
